experiment_id,TMv,PVa,PVH,PVHap,PVHd,PVHm,ADP,PVHmm,PVHmpd,AHN,PVHp,PVHpm,PVHpv,PVi,PVp,PVpo,PVR,PVZ,RCH,LHA,LM,ARH,LPO,AVP,AVPV,SCH,LZ,MBO,ASO,SFO,SBPV,PST,PSTN,SO,NC,PVHdp,PVHf,MEPO,PVHlp,PVHmpv,MEZ,STN,MM,MPN,MPO,SUM,TM,TU,PVHpml,PVHpmm,DMHa,DMHp,DMHv,VLPO,VMH,AHNa,AHNc,AHNp,MMme,MPNc,MPNl,MPNm,VMHa,OV,VMHc,VMHdm,VMHvl,A13,ZI,FF,DMH,PD,PH,PMd,PMv,HY,PS,SUMl,SUMm,TMd,ME,VMPO,PeF,MMl,MMm,MMp,MMd
113553300,0.04118880748307537,0.0013750312900809392,0.01092865825088516,,0.06226703750406636,,0.03774298266574832,,,0.20375607995197229,,,,0.005697651467601786,0.0038576743613290866,0.0020487503241608186,0.3676248926500422,0.3943631342586336,0.02671273096603401,0.3424406081347962,0.061631647331735796,0.001979954239233472,0.4364425897897017,0.5258173956717189,0.04434091496153747,0.002996675699227814,0.39026741666635784,0.0675532164803364,0.027877815079807838,0.0012452521768014071,0.00539385449289832,0.04025690021477005,0.04622186685995119,0.44216455124328335,,,,0.0495619102489832,,,0.1660228266685233,0.0005135015921672089,0.0461735453496658,0.09555260870198992,0.3979948377892712,0.1340287208025112,0.033225844165094935,0.04251704643446996,,,,,,0.47827161786708433,0.018387139336494773,,,,0.03788815045141797,,,,,0.008133143414967932,,,,,0.013832074251026595,0.003787805404859672,0.03042975454003846,0.019142203341738266,0.08814818729807171,0.05815743955356847,0.0366376287399837,0.3705886365171661,0.3547068700093157,,,0.009184408319989304,0.0012456276399958133,0.021854746832187535,0.09038249172396122,0.03966586141806177,0.051113689805575506,0.0510988217972003,0.06132078109843523
120281646,0.0002782761872026529,6.321194129910857e-06,0.00024137450834160333,,0.0007876917398331717,,8.430428370006724e-06,,,2.014881308930027e-05,,,,6.387119756270654e-05,0.0,3.08513201231605e-06,0.00024312409781405018,0.00011738373830488177,0.00026309494647108067,0.0022646235118051698,1.7062755353014234e-05,3.55939825447639e-06,0.004056935543335051,0.0001746112819388,0.00023928472151948715,0.0010681760508364135,0.0028850060465185497,5.006650810595473e-05,0.0,5.241268814800264e-05,6.74897966534837e-05,0.015534071367398032,0.02700472831029732,0.0006791098163381014,,,,8.01137092431603e-10,,,0.00011600256429467287,0.0037338689544340834,2.74391177011447e-07,3.0735467634911564e-05,0.00021292326209140103,7.612107693267014e-05,0.00020903873116056996,0.00022610517017999368,,,,,,0.000325637632026913,1.3269157248044768e-06,,,,0.0,,,,,9.3445259165133e-06,,,,,0.0021497952724628478,0.00014343487668107158,0.0002769835876618946,8.551416295078153e-05,0.0003576521735929104,1.1920686179551099e-05,5.391146637211913e-05,0.0015657989172549222,0.001168976265140625,,,0.0,1.020466988622591e-05,0.0,5.765858858979963e-05,6.969338485599891e-07,0.0,0.0,0.0
126709328,0.00014788856288358167,3.94150882543386e-05,0.0011907240557376235,,0.0069821074554827734,,0.0,,,2.0894223165824335e-08,,,,9.51615140726148e-05,4.810332461175059e-05,1.4254689548600633e-05,0.00012098019810392597,0.00031976489588637127,2.014477521140109e-05,0.0014865765179158067,0.0002738683154526657,1.16732208388514e-05,0.0005461796449560373,0.0,1.95310794319665e-05,0.0,0.002124019269931122,0.0003716960830453327,0.0,1.8111350200842368e-05,1.9052677437490347e-05,0.006877113280636376,0.013321187482156818,1.4485996884714632e-05,,,,0.00022927946656261467,,,0.000549823368375598,0.0007085835105843866,6.13946312836459e-05,0.0,2.4357459275507434e-05,0.00119129702101084,0.00013763786600142134,5.3372021628557665e-05,,,,,,2.275155334051004e-05,2.4173411712123068e-06,,,,0.00010035331713796646,,,,,0.0,,,,,0.0034479511588935904,0.007492126848563506,0.000541700438285332,0.0,0.0011634230119181202,0.0,8.059902770351333e-06,0.001145591650286607,5.62734276489346e-05,,,0.000106689417763948,0.0005624297097131827,0.0,0.00010929100943436771,5.71478142091549e-05,1.5711502026362768e-05,5.750686759653611e-05,0.0001167595335969614
127255254,0.003118539407324173,0.00025300423022897524,0.009303486088724168,,0.011121805533447252,,0.04268450450921135,,,0.0069393992702985385,,,,0.0006455907874684933,0.00011979766856159669,0.001721473821785752,0.029454897824199994,0.0037441014562362277,0.004305818915329738,0.026942433545259308,0.0022011612710455732,5.895172595885473e-05,0.04484593899229023,0.018487709780326215,0.0028341411946266218,0.00194379315361128,0.016994427251927378,0.0008488143204516137,0.0002737543505019507,0.00490709113617963,0.002425104393294913,0.00974515301662026,0.00427784207438785,0.0215273792863165,,,,0.0030385658141749133,,,0.002869932342752932,0.00022457285779904404,5.435325729496277e-05,0.00206292953530864,0.033523323118917814,0.001280242034177663,0.0023434468556399394,0.006588609473342162,,,,,,0.026050069584329386,0.0002900643728493407,,,,2.0337145624420233e-05,,,,,0.0009608198365726227,,,,,0.0036886213154077798,0.0,0.00365205549017532,0.00156542301756067,0.0031293531512383683,0.0035014320502195066,0.0006233247949419158,0.014987449132183828,0.31965300910543376,,,3.3210788520639813e-06,0.00047978616606331035,0.005393743963441955,0.019963640632212468,5.0598280788444036e-05,6.237407125029556e-05,5.2938120739389204e-05,8.533040758028537e-05
146859480,0.00032768442182549333,0.0,0.0,,0.0,,5.1145310298070366e-05,,,0.0,,,,0.0,2.589230931231369e-05,3.504317719697433e-05,0.000353790130551968,1.1252067449322436e-06,0.0,1.48001355572692e-06,6.117706634883593e-05,3.06166234819306e-06,0.0,0.0,6.54011359146204e-05,0.0,9.128366177879934e-06,6.19941805618628e-05,0.0,0.019888131794171,0.0,0.0,0.0,1.763943812597727e-07,,,,0.005831806724253117,,,1.94803532345613e-05,1.7294631359862135e-08,3.2131346771779465e-05,0.0,2.1646590306228367e-05,2.1812716647809767e-05,0.0002461537702759218,9.180273860817396e-05,,,,,,3.95515452195213e-05,5.357520153196404e-07,,,,0.0,,,,,0.004076077105951346,,,,,4.159108186722206e-07,0.0,3.783496161451477e-06,0.0,1.5928463196625272e-05,0.0,2.1237724421252136e-06,5.8885365233770835e-05,0.0,,,0.0,9.052686913882174e-05,5.851060515459153e-06,2.803633710118407e-07,3.401585547330737e-05,0.0,3.3162127444090735e-06,0.0001300572728281886
147135812,0.005641559072459001,0.00285849027076655,0.00948775331766206,,0.03718714033395213,,0.00390759749789495,,,0.00259125969855595,,,,0.00403327473715429,0.000435758831904781,0.006733607346200283,0.014773007238455033,0.0047114082828023695,0.01009814487343168,0.040263770028472035,0.011504093536429782,0.0020246743444311366,0.040606177198867395,0.02680419208338583,0.022965585751731465,0.0013725964821298768,0.0262208686974518,0.013325443448603466,5.3309513014974584e-05,0.0007969703870278033,0.0013545554255168235,0.0526195111598363,0.041116924606810434,0.007397347632438393,,,,0.0339951992132655,,,0.012918394648012166,0.006747020901003246,0.0031208062780745363,0.00234025520585295,0.018924476328781036,0.03951313524831357,0.006234294937680593,0.016332974133538198,,,,,,0.02930636171266927,0.001404180516971975,,,,0.0022889337286632065,,,,,0.014358607946981473,,,,,0.011696620863651733,0.024630830764436566,0.01704557570134605,0.0015298698293752806,0.0370599987283744,0.007581237167304217,0.00273931770796599,0.018232158777574035,0.012472749626117732,,,0.008023857773723593,0.0014491392164128899,0.006595493997714673,0.0153483911004247,0.006047816729060497,0.0011368401073274987,4.406938986401857e-05,0.0008763890175357159
147633885,0.0009912172093848733,0.00017027586703980267,0.0010911431080867255,,0.012891098424070097,,6.28131504532427e-08,,,0.0006736835828893894,,,,0.000405380613295609,0.0005042409623760494,4.3015411692776604e-05,0.0005117817151330907,0.00123376802207433,0.0073189542408221364,0.010078889713246423,0.007100763190828696,0.002204898810918003,0.0076212095884602565,0.000447521294774889,0.00011740175309078497,0.00042156468082553265,0.012696289443971333,0.0019477927459535232,1.2530808940949167e-06,0.00029967188715059105,3.39653635895028e-05,0.013993994314073338,0.011252199398264788,0.0008444841613040622,,,,0.00024158534619275835,,,0.0034955341371633434,0.0010658483675533086,0.0006553289376335257,1.568103052324362e-05,0.00042998177750762037,0.003795747624266633,0.000751516949627514,0.0016838044482648934,,,,,,0.0006442412235815313,0.00017991133940204907,,,,9.39907528655988e-06,,,,,1.7481786203295935e-05,,,,,0.0234389397873084,0.04796352594533376,0.0015266005652852133,0.0,0.012967973118091591,0.00017066147146471133,4.71887506152271e-05,0.0066489092604501004,0.000128497368069411,,,2.7824369500728364e-05,0.0016566365993897,1.3253562628247899e-06,0.0032188397335177568,0.0003927364794145489,0.000173309123029517,0.0029555046318502014,0.0017466450845641524
156255078,9.45644680522796e-05,0.000195352373840741,6.635517698744599e-05,,7.941943491146741e-07,,0.0,,,0.0,,,,0.00030686081681945165,0.0011369865979486524,4.657269735253177e-05,9.245478282768593e-05,0.00052263798755838,2.1558420598128766e-05,2.797671641697595e-05,0.000295178783646346,0.0011319484397998567,2.4773287935879836e-05,0.0,6.570218626790899e-05,4.356070676973058e-05,1.55416047587748e-05,0.00011083520714940824,0.0,6.615878404587603e-05,0.0,0.0,0.0,2.459507359096346e-05,,,,4.292229975087397e-06,,,3.0120369773988365e-05,1.22919879671251e-06,7.381804131699784e-05,0.0,0.0,8.064487702679134e-05,0.00020426651750795268,2.5326128669615836e-05,,,,,,0.000290277547845032,0.0,,,,2.9151067188711634e-07,,,,,0.00025086334954619764,,,,,0.0,0.0,6.052651935869091e-06,0.0,3.4332553012838e-06,0.0,3.907798125365952e-06,7.800011412663337e-05,0.0,,,0.000535474161211464,0.00387542163978672,1.776077720311094e-05,6.737242326706083e-09,2.9553737293436268e-05,2.7207169789189367e-06,0.00018590419537820567,0.00034028207281664
167201465,4.8542131224248966e-05,0.0,0.0,,0.0,,0.0,,,0.0,,,,1.0995112354381937e-06,5.581141778581017e-05,0.0,9.988504799822316e-06,4.23853194701342e-06,7.072432270047979e-08,1.9578661454572027e-09,0.00012289507851910382,9.570700625899124e-06,0.0,0.0,3.9956522165487466e-05,0.0,4.3452164396918094e-06,0.000135543199476391,0.0,2.4459558779107196e-09,0.0,0.0,0.0,7.77211694372667e-06,,,,4.917463713588603e-06,,,3.5788046641551634e-05,0.0,0.00016378982708300233,0.0,0.0,0.00013531194844980033,3.646443943861386e-05,4.7189756260985765e-05,,,,,,8.880481588202179e-05,0.0,,,,0.0,,,,,2.7101883956989705e-05,,,,,0.0,0.0,0.0,0.0,0.0,0.0,0.0,2.14453621213728e-05,0.0,,,0.0,0.0016239345990654468,0.0,0.0,0.00027924057151546266,0.0,0.00012771375305915087,0.0003154974128627177
168004394,0.00018508109112563444,0.0,2.0999335613040468e-05,,7.488754747901137e-06,,0.0,,,1.4507670907938702e-05,,,,1.08648538468044e-05,9.607548372440133e-05,5.3650755309260436e-09,1.943391329310561e-05,2.25330494145446e-05,1.3589517668547803e-06,4.0132326955093365e-05,3.4335390957130496e-05,3.85233186649853e-05,7.706094127321036e-05,0.0,3.060475387472734e-05,0.0,9.547245154712412e-05,2.9519966037734497e-05,0.0,4.7421011502129204e-05,0.0,0.0,6.05866911425086e-05,9.9649738967477e-06,,,,2.43746999567067e-06,,,4.03080327235246e-05,1.51228679462956e-05,8.099491015785404e-06,9.442163661471167e-05,2.3697064707603232e-05,1.1780168777188494e-05,0.0001390313539672972,0.00012362956027129224,,,,,,1.3634008299808808e-05,6.193400168831689e-06,,,,5.492561743497816e-06,,,,,9.09088115071273e-05,,,,,0.00017379846233563076,7.274205429428909e-06,1.4083887167933564e-05,3.1305335992053965e-07,0.00010185600466257664,0.0,0.0,6.521569705676297e-05,1.0550163227576833e-05,,,0.0,0.0008160637188434917,0.0,0.00012181161228451334,1.828125433864087e-05,0.0,0.0,8.388872797442196e-07
168663472,0.003311442558350463,0.00021349206535852132,0.0036280527838192787,,0.033232058388620984,,0.00032314502258537665,,,0.004704754535371124,,,,0.001826534166639226,0.0008323006755183923,0.00021658911112705035,0.002696241065403069,0.0025469617271769835,0.015216981642628002,0.22464150310425213,0.004829460150111184,0.0011803733439825117,0.00959196223507898,0.005675071720863722,0.001238112040066626,0.001673634913548679,0.28040011712124485,0.00479226606230975,0.0003991941586818084,5.654061207595833e-06,0.002030491728105725,0.2734434056301035,0.27244681110229807,0.012449665612818859,,,,0.0009723807666341147,,,0.008357415988559746,0.2984217441105534,0.0019027893328417665,0.000623655028360895,0.0028160089269163905,0.011896711018123507,0.003037462052057493,0.005688368796410996,,,,,,0.0065235847334334475,0.0017051542878165193,,,,0.0002684541890963493,,,,,0.00011539683622652458,,,,,0.30727732716253897,0.2657338231892594,0.00562851380180012,0.0015961797778426365,0.025367073832448104,0.0023725614768495148,0.0008154862600661104,0.2728548272415193,0.0005739348577211634,,,0.0022102720249271434,0.00033711186472705533,0.0008787853447732771,0.01397072609979745,0.00305812556609036,0.00044633132966335294,0.0009359651957853614,0.003392142914949803
180522266,0.0067956380065357334,0.014750728171042152,0.03437450302346615,,0.06682483816917047,,0.004876393476295881,,,0.02343443100504912,,,,0.009287147970470358,0.004167273775877966,0.007400972069199166,0.015004610625107183,0.020191804688564675,0.032870015316668034,0.07115540875072178,0.0061572869357760865,0.019690632965824566,0.054953070209399164,0.0422095067744395,0.007933455635386623,0.005172788156009953,0.0689742630227252,0.012247435465176204,0.021253124894012102,2.68805295955757e-06,0.01327274750888687,0.11866608254300819,0.09551132345322993,0.01958213100801128,,,,0.0034205132238026466,,,0.37280824652804195,0.018089946837435086,0.00305532081073082,0.004745462579798114,0.022154053667623085,0.03651260417441953,0.007061419539764337,0.01356897367107199,,,,,,0.017714864642277648,0.006779820940837444,,,,0.006330580490129404,,,,,0.0006144206315645903,,,,,0.0943969159955173,0.11745972285622742,0.017179139904904814,0.00026239114311898634,0.4117361067067498,0.02517867429666353,0.00676943404420486,0.381190633328379,0.010507939047913315,,,0.00786385557355352,0.0007051317967314918,0.00745728069035986,0.05439040003494736,0.0037514145788950667,0.0022191025880296798,0.00010036839129854383,0.000783409033146718
182144176,0.0009765505918806473,0.0009066722035542661,0.00044045936594761036,,0.0011386461107211867,,1.1031889802935066e-09,,,0.000548516973314909,,,,0.00018816192904914418,0.0004015731801159713,6.719487018998959e-05,0.0006225312614436836,0.00028952283074457335,0.000202210430483435,0.0004034490015853923,0.000616946807709971,0.00016406529875582867,0.00036956908124540167,0.0005505216358991866,0.0004350517713674973,0.0007537802532439587,0.0003310143457882933,0.00121669209145742,0.0,0.00011351501261930206,0.000452915265237183,0.000463115926992243,0.00029789465081438827,0.00025756577474920844,,,,6.563196958807084e-05,,,0.0012086007065331733,0.0,0.000217058615948033,9.411196898426123e-05,0.000833193078770538,0.00379011409190291,0.0007350291018432224,0.0002845220384181053,,,,,,0.0013785040818839283,0.00026826522270649876,,,,0.0004028230095348244,,,,,3.5524354299043e-05,,,,,0.00026797903407244935,0.00021354873084675633,0.0010331213894863888,3.1806513922361264e-05,0.0034848491201186463,0.0014734285581650634,0.000157502637286486,0.0006719247391157437,0.00016960723078206932,,,5.8379668917337865e-06,0.0020579108440175534,0.00042031566918643526,0.0005843994741499353,0.000155717840127273,8.575314903438949e-05,0.000912214184985499,9.015744182775644e-05
182805258,0.000372065792685792,1.8326115689952068e-05,0.000278193279242671,,0.004826998979593493,,4.9529881437517464e-05,,,0.0023822174254615387,,,,0.000178797134437861,0.00029066789138048666,3.196990359518613e-05,0.000519691256306156,0.0001502077200547746,0.004409247098602124,0.0017878820833138584,0.0008061001463304055,8.504406334427003e-06,0.00024857066732535,3.102169524724e-06,1.7756114657127103e-05,0.008851117657457537,0.013865808608065801,0.00019961596940865415,0.00030699092728931,0.0008372130231755733,0.0012277215356944879,0.001294098825599539,0.003962430985567583,0.0004927332066473976,,,,3.699149767033563e-05,,,0.00200896302002888,0.002198258669949127,4.00252248155006e-05,0.00011728608629524467,8.420259990471234e-05,0.000308633629203598,0.000279492689250483,0.0008340662970338104,,,,,,7.636812966186321e-05,0.0011968053946604291,,,,2.2330850652773e-05,,,,,5.601406210144865e-05,,,,,0.03953352752521008,0.006759145320044155,0.0006015388896343593,0.0,0.006113629761480787,0.00017987973018192133,0.000773106830072044,0.006451245230746702,0.0,,,0.0,9.778973285005902e-06,0.0,0.007710123154474953,5.558623604935735e-05,4.733025518829446e-05,8.128863532909941e-07,2.1106298803178036e-05
183011353,0.00029892293744287,0.0,0.0,,6.648193693513244e-07,,0.0,,,0.0,,,,7.223789693957227e-06,0.00022364950694870936,1.1295928352852557e-05,2.77410628490586e-05,2.052643406367383e-05,1.6488768051151384e-05,1.6015445521231868e-06,0.000229816774374796,5.0715003257536396e-05,0.0,0.0,6.508873737026253e-05,0.0,7.443289525573491e-05,0.00019034735689960798,0.0,2.1998315552916498e-05,0.0,0.0,0.0,2.846550663722103e-06,,,,0.0,,,5.02993656280518e-05,1.5256649118393367e-05,0.00024315872925860768,0.0,0.0,4.6316481803975936e-05,0.00022592613071664098,5.49196169615719e-05,,,,,,0.00020146790782673676,0.0,,,,0.0,,,,,0.00020727472214898866,,,,,0.00021431174367076444,0.0,0.0,0.0,0.0,0.0,3.66320928292675e-07,6.080351633329306e-05,0.0,,,5.53736482761959e-06,0.0022818273373092167,1.9276821818391233e-08,0.0,0.0003134518531709203,4.196770616374503e-08,0.0009949720120687934,0.0003511344568918864
187268452,0.001130220218402112,0.0,2.0790264745051168e-05,,3.921822859481134e-05,,0.0,,,3.429345562953177e-05,,,,1.2669589927451876e-05,0.00012078481127693009,8.947732466000795e-06,4.14319346058349e-05,5.216218448899309e-05,5.827451052964177e-06,1.9202919757896345e-06,0.00023572135056601666,0.00012033149661661133,2.4306709109748504e-05,0.0,3.152077268540697e-05,0.0,6.3193164828851e-05,0.000322802050299595,0.0,0.0012617720892914,0.0,0.0,0.0,3.5795568091964634e-07,,,,0.0,,,0.00011656021528948434,0.0,0.000184659986930252,4.7082745686531593e-05,3.724937563213022e-05,0.00034270629359263693,0.0008544053617375707,0.0006482639025402554,,,,,,2.6599613506294667e-05,1.4742249862305858e-05,,,,0.0,,,,,0.0,,,,,9.177791267863823e-07,0.0,3.734854529039414e-05,0.0,8.69608238676807e-05,1.255615860461657e-07,1.1777952294510583e-05,7.524916208461137e-05,0.0,,,2.1677158892206466e-05,0.00045980139087060007,1.31251181635185e-06,2.2446105589791567e-08,7.624335861590956e-05,0.00021420222058159466,0.00012878169842037734,0.0006448843161193737
263106036,0.08184731495866306,0.008853577644822726,0.0333077739955109,,0.1039895620559113,,0.01749459444486046,,,0.02835960933743693,,,,0.030364017352589066,0.0017139064283826155,0.007587159118203047,0.0474179639123396,0.022028699437897935,0.03171672044298464,0.09443226873614323,0.039107874849905536,0.0007562870123637763,0.09917708246392415,0.06531060051226507,0.03242521985669649,0.00359973553935487,0.0698629855915992,0.05588979648820127,0.020371083902929417,2.6853908696948634e-06,0.006078064889900564,0.07281579824986247,0.06410003293085846,0.08385866859441526,,,,0.00859164910592217,,,0.0566866521748099,0.019384084140871158,0.021386924940036505,0.025103023261133516,0.07809338975213058,0.12647882188886736,0.06951499025993123,0.05822427677146783,,,,,,0.08837166927983005,0.007680146374886243,,,,0.0557462146786146,,,,,0.000402899870404369,,,,,0.04137054689153143,0.016369021825318783,0.06460682303702037,0.03060721790243293,0.12956991804609916,0.09195181647394374,0.048085499124937335,0.0606705365792538,0.05709320247675397,,,0.032281777505065605,0.00040464481571897567,0.028388317755300072,0.10118292712039577,0.01421805673694926,0.0232778396849891,0.013882520474881121,0.007176181695779281
263784128,0.0005289163410827326,0.0,2.0782358854218367e-06,,0.0,,0.0,,,0.0,,,,4.9648484026702436e-05,0.0006578608866402621,5.47522882853262e-05,0.0001300453798642858,4.9808548231264966e-05,2.7472540805601402e-05,3.74277060538416e-05,0.0013222426946402615,9.467783489744853e-05,4.7759765453133e-06,0.0,0.0001876165268286783,0.0,0.000116608667514936,0.0006521691800298589,0.0,0.002599953052779314,0.0,0.0006577933050455079,0.0005297633832274626,3.055086243082538e-05,,,,0.000734694186184107,,,0.000184899030878973,0.0003322124963917692,0.0007035107962568791,0.0,4.0089195948190865e-07,0.0004634133563615047,0.00043236002872830095,0.0005671551358785773,,,,,,0.0007037041972623352,2.0072144108581232e-05,,,,0.00043752397860321495,,,,,0.0012123772867048733,,,,,6.729809526787007e-05,4.556989589112043e-06,4.833594221481894e-06,0.0,3.6358144310617065e-05,4.626317502288517e-06,5.9101390097856804e-05,0.00013860315115201,0.0,,,0.00014084140117366848,0.0018375077092134902,0.0,0.0,0.0007133640465916564,0.00035688003102209067,0.0029714060954577604,0.00043727975235394596
265648940,0.00803550119039796,0.0011132550320789333,0.00633300176516199,,0.04018687655261153,,0.0028870631918898604,,,0.004707366035702611,,,,0.0031576715606326067,0.00014925921668406024,0.0010674546167057433,0.010982001678877617,0.003937013789790447,0.027610772907632464,0.4029783083131502,0.0025700283235593224,0.00041877882962649497,0.041232723624723605,0.00782587169471119,0.004691612049644766,0.002358102982036553,0.4033287061578923,0.003090668009192958,0.0022228981091055636,0.0,0.0006186057676860771,0.1405496235545797,0.1833761118907327,0.02234262626823261,,,,0.009696238180397597,,,0.010507661763476303,0.0840195966033158,0.0005303661067604177,0.00290007714072568,0.015520064832186764,0.006926674652635877,0.0061993195407161195,0.013062758642724,,,,,,0.017779051347270224,0.004363303099687743,,,,0.0009382136478404203,,,,,0.007995560005118507,,,,,0.04778998124168125,0.024916181293202406,0.014724186625091349,0.01769361075227253,0.03355802638457223,0.005157907854734914,0.0036086006946348336,0.39126090806409564,0.04191739891062987,,,0.0006556001493345787,0.0008288948871161761,0.0033014099716217383,0.01380507240324727,0.0007154038486368741,0.000188762997372964,0.00025493482116604435,0.0003492546387938447
265712971,0.0011727983439384334,9.848214646688868e-05,0.0002596886932326131,,0.002568166679858323,,0.0,,,0.00014351654715944232,,,,0.0010495613007538063,0.00027862818570100964,6.661346396654413e-05,0.00020565326175595627,0.0007947893337627663,6.087250429637577e-06,0.001784377105647352,0.0031365327372503797,0.0011271022594241294,0.0009665243611571496,0.00023541819281349403,0.00014049067690695177,1.4843524541439399e-08,0.0015557926496871162,0.0036607462004737933,0.0,0.000218586967134589,0.0,0.0006974091459097213,0.0008880432898621403,0.0006749412347515036,,,,2.4432421802454197e-05,,,0.0018028231536321567,0.0016832880212337665,0.0012900238395300587,0.0,0.00019802640708384465,0.010380382402338824,0.0009394383495975493,0.00021530278089599132,,,,,,0.001591865538378435,0.0,,,,0.00123844918398196,,,,,0.00017527091643867632,,,,,0.0020941246803095922,0.00044705808990542145,0.00027755459115315595,0.0,0.0036786100581960735,0.0011547229236767906,0.00013312659308670088,0.001333051972086911,3.483180977301503e-05,,,0.0002348879699178817,0.004419457636556347,0.0,0.0012185546688330837,0.0020958719151992398,0.00026359461238120946,0.0008972179158299474,0.0011189344251867105
265945645,0.0007665348933060902,0.0,0.0,,3.517805437004033e-05,,0.0007236678008992436,,,9.268009969556807e-05,,,,0.0,1.6260925811246632e-05,4.930079699249247e-06,0.0018192927350334806,1.1833667160949575e-05,3.7521589886074587e-06,0.000986289875409891,0.00016560966281366568,2.7927259940435078e-05,0.009478584242220568,0.000341669861331314,6.333716137149728e-06,0.0,0.0013880667932985003,0.00012636133916501768,0.0,2.7631497749727134e-05,0.00011880792502338398,0.000151583618778634,0.0006682714420940147,2.7783061973905786e-05,,,,0.000511100390742997,,,0.00013812759290399992,0.0001301554541201519,1.5215944865757474e-05,0.0004652370424977153,0.002149668964948603,9.689372408125516e-05,0.0005758145403430868,0.00023085136371171465,,,,,,1.01387024291277e-06,1.2519943151338131e-05,,,,0.0,,,,,0.0,,,,,0.00016010932465777787,0.0,2.9579075894549e-05,0.0007908319252159973,0.00019051138120914238,9.508490540131157e-06,3.4338697672386164e-06,0.0012297805199749828,0.024470285080450502,,,0.0,0.0008579613636423293,0.0,2.45907161504762e-09,1.6547445379905532e-05,0.0,5.70360287916508e-11,6.11482311240642e-05
266489212,0.1674773045765933,0.5989504520298349,0.42107003477891897,,0.1529787437671362,,0.16659184890336068,,,0.4156576965581409,,,,0.5363900833708947,0.19729019167965767,0.16810591531618235,0.40893369429979537,0.608077175745828,0.5421599134068289,0.02003644919006366,0.0221106865688028,0.6107932515511865,0.020947190608683608,0.08026365963818653,0.13259895480300835,0.4789209555575959,0.4205368671985831,0.0456277697706523,0.21723536140258495,0.0011516492989052933,0.5166385593493918,0.004656935230192657,0.008277570836899024,0.08691284105029888,,,,0.1062469296369263,,,0.476384887541432,0.00013059552827146087,0.0165263254312494,0.19482391306371902,0.11779630273274018,0.04705626910744343,0.16531534246639,0.5101692679325482,,,,,,0.11600130063448566,0.6493938770433786,,,,0.03426410135286683,,,,,0.0495855830006638,,,,,0.008268473675694438,0.00024102708491545322,0.43846959119621626,0.21126673350367633,0.30431193858660277,0.11208463435928623,0.1276906414037388,0.5252122974067889,0.1091324125809469,,,0.15878802578610365,0.6687157905498422,0.17407706528620567,0.049621114803464206,0.014768577208050472,0.019779720742935367,0.0012123308190691434,0.005428456030217237
266501422,0.0035456855621003995,0.010102031238754297,0.016222876170394012,,0.010578312728095623,,0.0021759574697244382,,,0.002238523270266763,,,,0.0077166539212406736,0.005245362302495163,0.004441820062690593,0.0057206171753179,0.012017360094813417,0.00926048980541874,0.0027864106892347396,0.00042199718831703766,0.014650928913847984,0.0014268336051175019,0.0005588730135365826,0.004161296867782387,0.0010570537826595065,0.043719416100175774,0.0007637705309722676,0.00012814506878100932,2.2234012988845233e-05,0.005731737874979967,0.017173398399754843,0.006264894945647743,0.0015532862174580328,,,,0.0010615257225979264,,,0.007311120166055687,0.0012407455191330275,6.63405146433102e-05,0.037593890795445235,0.006734946323093123,0.0004696923260258917,0.00409517738485543,0.012103212706382663,,,,,,0.0014941888006764156,0.007651099640927643,,,,0.00014214898669109418,,,,,4.225155120208497e-05,,,,,0.04426020430818306,0.008911325614642135,0.00969563006298958,0.0601467434559218,0.0029731751782554536,0.0015867244375449667,0.013251502546341333,0.04468270437923959,0.0007632182863140437,,,0.005754179098552934,0.0005394138536771927,0.007394534971659661,0.0015741700749585133,2.8957183323399603e-05,5.33738504873386e-05,1.7699806263615687e-05,0.000140748830648334
266815477,0.0003846556666666667,0.0,0.0,0.0,0.0,0.0,0.0,0.0,0.0,8.042523333333332e-08,0.0,0.0,0.0,0.0,2.9582833333333334e-05,1.7271003333333333e-07,1.7625533333333333e-05,0.0001606086,1.9191533333333334e-05,7.296786666666666e-05,0.00014279493333333335,3.5945299999999996e-05,0.00034691433333333335,8.524583333333333e-05,8.988606666666668e-08,7.663403333333334e-08,0.00017931633333333335,8.116703333333333e-05,0.0,1.36049e-07,1.97069e-06,0.0,0.0,0.00360576,0.0,0.0,0.0,1.50646e-05,0.0,0.0,3.7312400000000005e-05,9.168e-08,5.88455e-05,8.372593333333333e-09,5.1783333333333334e-06,6.330529333333332e-05,0.000250648,0.0016052156666666666,0.0,0.0,2.8425133333333333e-05,2.1884566666666666e-07,0.0,0.0004846096666666667,3.905346666666667e-05,5.446983333333333e-08,1.1522833333333335e-07,0.0,0.0,0.0,0.0,1.6910466666666668e-08,0.0,2.8999773333333333e-06,1.2519076666666666e-05,0.0,8.625240000000001e-05,0.0,4.7279399999999995e-06,0.0,1.7128933333333335e-05,0.0,6.139406666666666e-05,6.547663333333334e-09,9.940933333333333e-06,0.0001384916,0.0,7.565674666666667e-05,2.72744e-05,0.0,0.000436854,,,,,,
266816894,0.000786487759688576,7.4918717229753795e-06,1.810855372721073e-05,,5.8021025841657765e-05,,0.0,,,5.841547774645625e-05,,,,0.00011010760552054166,3.8469698023806596e-05,6.21957345400323e-05,8.74963260596984e-05,8.75850412358388e-05,1.9763343957337283e-06,0.0001625100344475774,0.00013853787925566246,0.000117223168717235,0.00017928988234919434,9.915528259514002e-05,3.460281537443144e-05,2.2720603196209835e-06,0.00015435708719025693,0.00038394070848973,0.0,4.4944322455561e-05,0.0,0.0,2.2628281067671766e-05,0.0001868975665158147,,,,1.90456852288753e-05,,,0.00017505550525342734,6.001821863075444e-06,9.156491133851018e-05,7.175690503605891e-05,0.0001533326880810003,0.00095904469885424,0.000596026689402931,0.00012092225289098645,,,,,,0.0003744861006068384,4.467333062310757e-06,,,,7.45973905305162e-05,,,,,0.00018862021699628563,,,,,0.0001983126507761954,0.0,8.659321962048752e-05,0.0,0.00021504599075295965,0.00016547505691368999,0.00014781455960012388,0.0001480579847230426,3.98063456859567e-05,,,2.0994894466290894e-05,0.000546528550054029,0.0,7.606219031762984e-05,0.0001635656334108556,3.9964737943924994e-05,5.4388640072788e-05,1.88190460990597e-05
267494468,0.0002622907852339048,0.0,0.0,,0.0,,0.0,,,0.0,,,,2.4522758216248465e-06,2.9569108823678463e-05,9.69025206827948e-07,9.537551520044243e-06,1.2120110173610724e-05,1.5915021332244133e-05,0.00018505838359287577,8.814150328201091e-05,3.152493936908443e-05,1.1943151498089699e-05,0.0,2.1292696553020734e-06,0.0,0.00019015360069761067,0.00039092579578350466,0.0,2.1377754765617233e-05,0.0,0.0,2.4173576204772566e-05,1.2330079968611602e-08,,,,0.0,,,0.00021770607062629333,4.044141460542693e-06,2.19188404503088e-05,0.0,0.0,0.0013746974706549803,0.00019703063318374995,0.00010548865241520594,,,,,,0.00022707914299247914,0.0,,,,3.155961744810477e-07,,,,,0.0,,,,,0.00034506079094872216,0.00013838208039186799,0.0,0.0,0.0006228805929790773,0.0,9.857862523931087e-08,0.00014334445593342266,0.0,,,0.0,0.0006220728820477633,0.0,4.18865350469606e-05,3.5718475994105336e-05,9.46052395862386e-06,3.948823533744889e-05,1.8719256182245984e-05
267811103,0.0029066614889286303,0.0,0.0,,3.122855504196219e-05,,0.0,,,0.0,,,,4.551029816049894e-08,0.0010913554574364067,0.0,0.00020215036723505468,3.25744293346403e-05,1.0301648302694399e-07,2.8956640554840304e-06,0.0010752150903623452,8.43684343254224e-05,3.2024204030987166e-06,0.0,4.168136724976246e-05,0.0,6.015462855909681e-05,0.000840838341929594,0.0,1.17053093314877e-06,0.0,0.0,0.0,3.0799166955939926e-05,,,,0.0,,,0.00023759477141306734,0.0,0.0007716010431572283,0.0,8.161154287760008e-06,0.00015997678035975166,0.0021834596232343235,0.0006386302065916156,,,,,,0.004058125244849087,1.5274206386307248e-05,,,,0.00030548043399114533,,,,,0.0,,,,,2.140374998603553e-08,0.0,0.0,0.0,3.6049318823749567e-05,3.473186181913973e-08,0.00011275906151326837,0.000142485747939613,0.0,,,0.0,0.00071977692806718,0.0,2.2163772207248367e-07,0.0008619723084274284,0.0002968616677373041,0.00442043004291365,2.8740262948263548e-05
268042502,0.00018143023853753868,0.0,0.0,,0.0,,0.0,,,0.0,,,,0.00023428886394637766,0.0009657596862907033,7.81015915004662e-05,0.00011938604017878823,0.00042733765716062466,4.838105968318464e-05,1.9519301369546754e-05,0.00018244236544921036,0.001001994581937218,0.0,0.0,0.0002017811116804503,0.0,6.31341667576137e-05,0.00010351097998838667,0.0,0.0,0.0,0.0,0.0,1.9593365707158015e-05,,,,1.1841526321837234e-05,,,2.7711231428652063e-05,2.5598711024083916e-08,9.387141342115927e-05,0.0,0.0,8.136648127717583e-05,0.00013650290764669632,0.0005805484138346977,,,,,,0.0011263231229830335,1.2750156721404466e-07,,,,0.0,,,,,0.00019450097788470768,,,,,4.23770464446994e-06,0.0,0.0,0.0,1.144096547634309e-07,0.0,6.737879646625899e-06,0.000144104663873446,0.0,,,8.602621060498023e-07,0.010996275174249592,0.0,0.0,0.0001650337969149743,6.31715425310248e-06,0.00015924748606905266,0.0001134277397409587
272404772,0.00038135735284768437,0.0,0.0,,0.0,,0.0,,,0.0,,,,2.6766242998655432e-06,5.29850747653404e-05,2.7101436046371967e-05,3.570508268964387e-05,9.384031393485054e-05,4.6093333289383405e-08,2.2975915371383997e-05,0.00037833899263862997,0.00024119854805027072,0.00023361422143302233,5.22793958548933e-05,9.976167273391923e-05,0.0,4.204574841432258e-05,0.00022882897229574133,0.0,0.0007009260947942337,0.0,0.0,0.0,8.883575677832115e-05,,,,0.00026880256852443093,,,6.0420734095156e-05,3.015141953705533e-08,0.0002194365011358384,0.0,2.2960484133460826e-05,0.00017073597357568598,0.00028661057102384965,4.829034958508356e-05,,,,,,2.095699692079298e-05,0.0,,,,1.7764596173054786e-06,,,,,6.995101790062663e-06,,,,,7.14561516611324e-06,0.0,0.0,0.0,0.0,0.0,4.0414410144367004e-08,6.71932529368078e-05,0.0,,,5.552371965064997e-07,0.003887488583428226,0.0,0.00010577696612916895,0.00032227115678318366,0.0,0.000211981982121507,0.0005441964134502976
272414403,0.001945140855708973,0.0,4.4269072769122135e-05,,0.00023551687482456033,,0.0003988907051461156,,,0.00015222183006271284,,,,2.6511740477181718e-05,0.000121741894065023,7.356725764667029e-06,0.0004525385575372397,0.00014102315051484296,2.27707860028461e-05,0.0005000689039530347,0.000969891794547875,3.132950918046297e-05,0.0017794853037939862,0.0006653760800549897,0.0003827557628148597,0.0,0.0005942781772320263,0.0031808746070709896,1.0488871201099767e-07,0.004474944327391044,0.0,2.2936339779993633e-05,8.443780157675205e-05,0.0018671353862056497,,,,0.0076056192577562695,,,0.0009312134492602536,2.3742355423604167e-05,0.004855037211975157,4.325178976719027e-06,0.000249147706455753,0.0012719022502884001,0.0014611734217766712,0.000356791514705217,,,,,,0.0005918024644229522,3.5972447375324047e-06,,,,0.0009419209538469444,,,,,0.00020706005056226869,,,,,0.00015350576301524226,0.0,2.0960422471262866e-06,6.80098373495737e-07,0.00019693798532093056,0.00046171399355537885,4.353443547779493e-05,0.0008842580371505516,0.00165803772277783,,,0.0,2.87693491400462e-05,0.0,0.004035477724948438,0.010525992949923327,0.0014540055845368779,0.0008595200737979296,0.0010599785594747723
278511717,0.0005810804601752254,0.0,0.0,,0.00012252771023181833,,0.0,,,2.8832108226162896e-05,,,,1.5567256694292834e-05,0.00010629285678258224,8.396114444288274e-06,0.00011704191708288875,0.00011534467489566081,0.00022988694385009013,0.00045611827726673034,0.00015820141411106807,0.00028693369547467797,3.579180344753176e-05,0.0,4.7947899387944e-05,0.0,0.000483881941884517,0.00012252975572841338,0.0,3.2691617560528135e-06,0.0,0.00030406227200228757,0.0007882694547601737,0.00011346097639869207,,,,7.81485462581031e-06,,,8.615668635613003e-05,0.001594554155246026,1.077140091346808e-05,0.0,9.914820159073227e-07,0.000167559075017668,0.0004439905558990687,0.0004446185728350107,,,,,,0.003284756976538796,0.0,,,,3.41376426720395e-06,,,,,4.889145228647697e-05,,,,,0.0005852472264908541,0.0005579344495699593,2.491559836506713e-08,0.0,0.00016511518628770325,0.000327183250584163,5.3806182844752535e-05,0.000304786554823534,0.0,,,3.0094673828076033e-05,0.0017948701806026065,0.0,0.00011027658304309999,9.173877783578537e-06,0.0,9.121178714469016e-06,4.2401759548207664e-05
287246555,0.18661282836195822,0.5088912198879137,0.5558192540237994,,0.43578406502754685,,0.7199325981496372,,,0.48692903229433976,,,,0.14552062137219648,0.3330426228717143,0.5011380686084533,0.5079081900269523,0.49848352097301135,0.1714899516943593,0.03810850531890154,0.04230294431934428,0.230834328961496,0.06607009590947184,0.49382489375467314,0.545609261876895,0.09223914218764777,0.4106469037347031,0.07324738979178973,0.1056128725140204,0.02461916018326397,0.4870347072620425,0.00122902578974086,0.012966017086672596,0.12382852671876991,,,,0.319326103835135,,,0.481606177803603,0.00035801652520351204,0.0185134577692936,0.6663370013455945,0.5797602029764862,0.13081710674236172,0.193769979528822,0.20063451401152266,,,,,,0.16698982346196822,0.07462726368844509,,,,0.022433060324052203,,,,,0.09430480836739556,,,,,0.3868712652048161,7.162549424922166e-05,0.20655520260952764,0.645636765126836,0.12256383047145399,0.14404700609143534,0.3586641332243394,0.43863548814074593,0.6715173635209892,,,0.21537852800666302,0.12734879146844766,0.4692060565666567,0.0929431233345016,0.021983960152042733,0.012719989242891897,0.011706651629958384,0.018576089166138766
292959343,0.00011409060988417632,0.0,0.0,,0.0,,0.0,,,0.0,,,,1.5696843888081066e-06,4.0622811003512934e-05,4.761512180404609e-06,1.032153962070449e-05,2.0034457756270164e-06,0.0,9.323460106851108e-06,0.000123137100803612,1.77641710993006e-06,6.392679659898277e-07,0.0,7.655647020343741e-06,0.0,5.784610614757279e-06,4.590230652234031e-05,0.0,0.00042845350364894034,0.0,0.0,0.0,1.5763172883794833e-05,,,,2.8668886634420797e-05,,,1.4137136495937434e-05,0.0,3.164510292182017e-05,0.0,8.764405961256812e-07,3.0228786741628766e-05,8.57039047547291e-05,2.4402074753690032e-05,,,,,,9.87114446715559e-06,0.0,,,,0.0,,,,,0.00019743711886472098,,,,,2.86165032243298e-07,0.0,0.0,0.0,1.046804064406658e-05,0.0,1.8418697999602833e-06,1.061717510260287e-05,0.0,,,0.0,0.00037012366008235204,2.1787561984295468e-05,0.0,3.8813520897606064e-05,0.0,0.00019116926693154134,2.0785658708484664e-05
293008559,0.0006317971720945087,0.0,0.0,,0.0,,0.0,,,0.0,,,,0.0,0.000353565222199812,0.0,2.5271217309671166e-05,1.4583554766628314e-05,0.0,4.558511535838147e-06,3.014516769499673e-05,4.005820037917757e-05,0.00018775256075616615,0.0,4.8992392609254395e-06,0.0,3.54671750698211e-05,0.00010596943176258311,0.0,0.00030857740745069567,0.0,0.0,0.0,0.0,,,,0.0,,,2.99346808350923e-05,0.0,3.5299174914560966e-05,0.0,0.0,7.119484178902639e-05,0.00047460070097718097,0.00016647758007522,,,,,,5.803026455259544e-06,0.0,,,,7.224206015820927e-05,,,,,0.0,,,,,0.0,0.0,0.0,0.0,8.25809334461216e-06,0.0,8.62702369743094e-06,4.8100998820630964e-05,0.0,,,0.0,0.000507855932057921,0.0,0.0,3.6143482903636596e-05,3.205912093390003e-06,6.796096241084657e-05,3.65741094154133e-05
296047806,0.00012868856806178,0.0,0.0,,0.0,,0.0,,,0.0,,,,0.0,0.0,0.0,8.7449374298814e-07,2.4582488459182776e-05,0.0,0.0003404622809315396,5.8781606511781035e-06,1.4754599427501835e-06,0.00012604739446466602,0.0,6.137975734334944e-07,0.0,0.00018925011987441394,2.7413894492958334e-05,0.0,0.0,0.0,0.00030781579423857434,2.7325197139406064e-05,0.00040087371005141154,,,,0.0,,,2.66993422988015e-05,0.00030523782663556667,5.374711043593844e-07,0.0,0.0,5.193460893176827e-05,9.666976893032302e-05,0.0001003251768943624,,,,,,2.5644334680886466e-05,2.0484992367163067e-06,,,,0.0,,,,,0.0,,,,,0.00010126596145201334,3.9069372337549866e-05,0.0,0.0,8.189218244909162e-05,1.608662024685757e-05,7.031353625452034e-05,9.451730642956132e-05,0.0,,,0.0,0.00027300964583770634,0.0,0.0,1.3527455762350268e-06,0.0,0.0,3.4288358452824234e-08
296049924,0.00011350990000000001,0.0,0.0,0.0,0.0,0.0,0.0,0.0,0.0,0.0,0.0,0.0,0.0,0.0,5.453582470333333e-06,0.0,9.088586666666668e-05,0.00010499726666666667,1.43667e-06,2.596826666666667e-05,2.6082346666666668e-05,6.547461999999999e-05,0.00020704933333333332,0.0012620233333333333,0.0,2.723265e-05,8.168066666666667e-05,9.062463333333334e-06,0.0,0.0,0.0,2.3590966666666666e-07,1.0337433333333335e-08,0.001957572333333333,0.0,0.0,0.0,5.7947066666666666e-05,0.0,0.0,1.99264e-06,6.641526666666666e-05,9.364169999999999e-07,0.0,4.146856666666667e-05,3.992900433333333e-06,7.36926e-05,0.0003349548333333333,0.0,0.0,0.0,0.0,0.0,0.0023154143333333336,6.862956666666667e-08,0.0,0.0,0.0,0.0,0.0,0.0,0.0,0.0,6.00352e-05,0.0,0.0,1.63858e-07,0.0,6.95545e-05,1.8668933333333334e-05,0.0,0.0,9.910533333333333e-09,0.0,1.1996289999999999e-06,8.169793333333334e-05,0.0,5.330768333333333e-06,0.0,0.0,0.00037084808799999993,,,,,,
298759552,0.0003610429934109754,0.0,0.0,,4.661741032456706e-06,,0.0,,,0.0,,,,1.3511925263436932e-06,0.00016770655202475934,0.0,2.75392408766144e-05,6.376520914560517e-06,0.0,1.7612400950878742e-07,0.00031514784484570603,1.6540139004594233e-05,1.2434744489141134e-05,0.0,1.116685933152039e-05,0.0,2.30877273053995e-05,8.455494959766193e-05,0.0,5.4980223365226514e-05,0.0,0.0,0.0,1.59581894584216e-08,,,,0.0,,,2.9711149189730703e-05,0.0,2.8019529587622068e-05,0.0,0.0,2.9168820153646365e-05,0.0002712124471822178,0.00010183044007026395,,,,,,0.0004934986746050189,0.0,,,,0.0,,,,,0.0,,,,,3.926186039720543e-05,0.0,0.0,0.0,3.9323097192201894e-05,0.0,0.0,3.01388779471817e-05,0.0,,,0.0,0.0001041152743847118,0.0,0.0,6.9013378256822204e-06,1.4031699818528332e-05,0.00014309583726962268,8.250627188029304e-05
300923916,0.002320227305814096,0.0009695090128542086,0.09215005298460284,,0.28369087503497664,,0.001851510623084575,,,0.0907081953466258,,,,0.3513680206120338,0.0010147556191204379,0.00034585639634133347,0.11719639215586712,0.21470582373918437,0.005776050034781404,0.0032427175899716917,0.0010868714304182866,0.0004359355099977538,0.002979951363406348,0.018567318865039147,0.0028994608559476404,0.003991711299820173,0.16956925485892102,0.001621348669012022,0.0664297674847648,0.0016259569238450634,0.01997422909570314,0.0033652134115326696,0.00276439425167296,0.007615791453539669,,,,0.0009814871573366674,,,0.2416908262601666,0.00031879106565415265,0.00038026286706238904,0.0014182020964946258,0.0053298774517033624,0.004225096933476586,0.001959414872529128,0.00622762412357808,,,,,,0.0030136945000003835,0.009836855387722956,,,,0.0005296764761602597,,,,,2.7637683375664236e-06,,,,,0.17351721049460367,0.0008379990906571128,0.12444399278129872,0.00021056411710862,0.12318465266324756,0.003449228180451163,0.0016216587427414907,0.20923305881755136,0.0009772670342554064,,,0.0008700658352808226,0.00317962131533775,0.0008667559767381186,0.13897765403857787,0.0003944230177646563,0.0005018701065523197,2.9673163102766165e-05,0.00014941477317973966
301618828,0.00012630381949778793,1.5558745882653834e-05,2.440065223271107e-08,,3.1261715290067504e-05,,0.0,,,0.0,,,,6.824798227104494e-05,0.00023019808596117831,1.4115568447390692e-05,2.9794503794125798e-05,8.46717952054187e-05,1.3238046654579367e-06,3.2565454132669665e-06,6.396769089551793e-05,0.00018049854488913833,2.034654916280707e-06,0.0,6.557676244471856e-06,2.4703915176880998e-05,9.369467187781697e-06,4.2224109635420304e-05,0.0,0.0013042768186019432,0.0,0.0,0.0,1.0869787237018533e-06,,,,8.78096029188846e-06,,,1.4272257386208417e-05,0.0,1.6126663544188434e-05,0.0,0.0,5.9863212209961435e-05,9.740704527527176e-05,8.599941653321973e-05,,,,,,2.0601234182252003e-11,0.0,,,,6.741110500606768e-07,,,,,1.1172733158210034e-06,,,,,0.0,0.0,0.0,0.0,1.0741544493567134e-05,0.0,1.73267135688029e-06,2.3009944955151667e-05,0.0,,,1.0163156731856232e-05,0.0012064652370488967,0.0,9.947493623996358e-07,2.5012659616740064e-05,5.0462924218996504e-06,2.9536269762549734e-05,1.9979579633858932e-05
303708513,0.4233299339893216,0.10885241921237114,0.2553584972112483,,0.3551165848088539,,0.11244840429412695,,,0.6064616909670877,,,,0.4595772716804463,0.08811817023440971,0.0680770036897664,0.46078050952522476,0.46322960781471084,0.457573321373473,0.15071574461422904,0.0342315598538711,0.44977370456892585,0.05295639634678736,0.10788068646832434,0.07369322170228076,0.3689022593681588,0.374712571214678,0.398327812670523,0.32879446244440425,0.0011440118055230065,0.4906977684533156,0.04908872721718734,0.0541814326925745,0.20225782169129936,,,,0.061359777377431764,,,0.46618900276108277,0.02089462309355355,0.0284396297301838,0.09098673467020374,0.10189617736132284,0.0824064512518291,0.4244114506647124,0.4941408008110785,,,,,,0.09394026684203934,0.6088120626620532,,,,0.05511425247350701,,,,,0.016439539894245306,,,,,0.3355668788742957,0.012676395599193787,0.5304312175804848,0.06660649038080559,0.3686184251162027,0.14286648965095258,0.4756247278351631,0.44632230092486525,0.10577458054168516,,,0.10077968585923536,0.022772766555454935,0.11669865215467706,0.48687053087601795,0.025276468322718598,0.03276383505718244,0.00335538197859855,0.015205211823325201
304762965,9.017724429700726e-06,0.0,0.0,,0.0,,0.0,,,0.0,,,,0.0,1.1534113075765735e-07,0.0,8.369989268933354e-08,6.341506292137248e-09,0.0,0.0,5.753799111630597e-05,1.7418890135383298e-08,0.0,0.0,0.0,0.0,6.353524988581837e-05,3.23262972358553e-05,0.0,0.0,0.0,0.0,0.0,0.0,,,,0.0,,,8.541478060581854e-06,0.0,9.463153580656694e-06,0.0,0.0,8.753812310440853e-05,6.774038400643007e-06,1.5242421337090072e-06,,,,,,2.397585137134767e-06,0.0,,,,0.0,,,,,0.0,,,,,0.00020027189673432465,0.0,0.0,0.0,0.0,0.0,1.2287183703687432e-07,2.6009574014690534e-05,0.0,,,0.0,2.5052595247846766e-06,0.0,0.0,1.4218380861294432e-05,0.0,0.0,2.7163567409721334e-05
304996627,2.6747113528567034e-05,0.0,0.0,,0.00021470010642040457,,9.05112767585271e-05,,,4.647460935928578e-06,,,,3.2669727022820498e-06,0.00015961538279017198,9.817166214819224e-06,3.015762882531207e-05,1.483663390693181e-06,5.669253370846273e-07,0.0015533680862755614,1.0182916228677243e-05,1.7244677189393987e-06,0.000390701585494285,3.7650483937088e-06,1.7168545751910134e-05,0.0,0.0025724120198532797,0.0001625849449650269,0.0,0.0009608661048621684,0.0,0.0026113751434192166,0.0019286265348554892,0.0,,,,0.0,,,0.00036135995341705,0.0005827500715001303,0.00021690036300779075,3.667982744984887e-07,1.406347214874682e-06,0.00017402391791478797,2.0092206009950384e-05,4.0213973991191034e-05,,,,,,4.5058523723613035e-06,6.274628532163e-06,,,,6.386298012516756e-06,,,,,4.229187070951666e-05,,,,,0.005937644008100275,0.02076713602594729,0.0,0.0,0.0016828416628965604,1.9558117943000464e-07,8.0830308640676e-07,0.001206131184871915,6.77492199951982e-05,,,0.0,4.25348476772201e-06,0.0,0.000119202077924497,0.00031622738074586006,0.0003596632985787953,8.49713249802411e-06,3.351130040647e-06
304997333,1.9398228461032335e-06,0.0,0.0,,3.8686143237309844e-06,,0.0,,,1.2140509207926268e-07,,,,0.0,3.026925780535964e-05,0.0,6.321116970893934e-06,5.7591457045443966e-08,0.0,0.0,2.76898737492783e-05,1.5247463702423435e-08,0.0,0.0,1.4945286124360799e-05,0.0,3.07519988630127e-06,1.1496000489046325e-05,0.0,7.27035129846296e-05,0.0,0.0,0.0,8.675970104100732e-07,,,,0.0,,,1.3860189292741202e-05,0.0,1.7117733545225801e-06,0.0,0.0,3.2975677635241467e-05,1.4571786059358532e-06,3.294013418169127e-05,,,,,,0.0,0.0,,,,0.0,,,,,0.0,,,,,1.3863855547809033e-07,0.0,1.3155611751927134e-05,0.0,5.8059106616134637e-05,0.0,0.0,7.105102667498696e-06,0.0,,,0.0,2.6522940760816797e-05,0.0,0.0,0.0,0.0,2.3149592289021635e-05,6.210173023454201e-07
305235787,4.79560349844349e-09,0.0,0.0,,0.0,,0.0,,,0.0,,,,0.0,0.0,0.0,0.0,0.0,2.0646871204848906e-05,2.6060770321954063e-06,0.0,0.0,0.0,0.0,0.0,0.0,0.00026874836965346335,4.98667493827324e-09,0.0,0.0,0.0,0.0,0.0,0.0,,,,0.0,,,9.749052782740512e-06,0.0,0.0,0.0,0.0,1.7856873575731866e-08,3.60241696975839e-09,3.9770404570065605e-07,,,,,,0.0,3.0649742354370464e-05,,,,0.0,,,,,0.0,,,,,0.0008441766908166264,0.0009424263263661754,0.0,0.0,2.921948829158275e-05,0.0,0.0,0.00010584498318419012,0.0,,,0.0,0.0,0.0,0.0,0.0,0.0,0.0,0.0
305380411,0.0,0.0,0.0,,0.0,,0.0,,,0.0,,,,0.0,5.5027287754604e-07,0.0,2.101897543210443e-05,0.0,0.0,1.4041774203364968e-05,0.0,0.0,9.397474120803764e-06,2.8646713228237168e-05,4.5902645872747004e-05,0.0,1.015859470229751e-05,4.9750921188098495e-06,0.0,0.0,0.0,0.0,0.0,0.0,,,,2.9886683059075886e-05,,,1.5063466269577885e-06,0.0,0.0,0.0,5.537062780831277e-05,1.9840250892660688e-05,0.0,0.0,,,,,,0.0,0.0,,,,0.0,,,,,0.0,,,,,0.0,0.0,0.0,0.0,1.04872468930446e-06,0.0,0.0,9.685247219362702e-06,0.0,,,0.0,6.845282614411787e-05,0.0,0.00010971028568488835,0.0,0.0,0.0,0.0
515198413,0.005593199097364458,0.00042850003958817465,0.11160222578996451,,0.005662045851033043,,0.004146208733292817,,,0.22319480814237558,,,,0.0006225382349522593,0.0014840498917532581,0.0005784914935541347,0.08974342668404083,0.1013740484984416,0.006340474953942454,0.0939734127543135,0.00038260419412781613,0.0005308673883253364,0.0326847641798866,0.0031432917792172943,0.0006794368593169953,0.0004517392685704933,0.11994243130326147,0.001457038237739831,0.12456147365232265,0.0,0.008566895036695334,0.0,3.4660235019922526e-05,0.005296690774542704,,,,0.0008455151206916978,,,0.20200125600081006,0.0,0.0002326133175282344,0.1476207727052244,0.09454021080200598,0.00209195177929951,0.005518400660082241,0.007063422320929008,,,,,,0.006076050186939985,0.0017221779480487767,,,,0.00011533283034921567,,,,,2.8600227384884397e-06,,,,,0.00016755689636145603,0.0,0.0027050792610335272,0.0013693391949594965,0.0010635268609151172,0.004390156553122753,0.009656029376036731,0.18152719494751418,0.0005278090791967687,,,0.0052925722874122005,0.00015160578932160035,0.003380110492586684,0.14148218760269576,0.0004147829773646073,0.00016092476052992995,1.2763695840852535e-05,8.100205397360413e-05
540685246,7.44877164784328e-05,0.09738517027680896,0.19653956065280442,,0.20799774241207558,,0.0001567141815860677,,,0.17144353297324746,,,,0.005018360581708366,0.0001185988048331831,0.0007982657197076592,0.10193331319567356,0.18126042970638237,0.011484516214368412,0.0016802560360193817,0.00036700729508698326,0.005541688740539668,1.2932170019497286e-05,1.31716633767173e-05,0.00019013049359224233,4.541740058143184e-05,0.14600708394171766,0.0001124749385717551,0.010976329367831167,0.000295963906373751,0.10653088444208907,0.0006645644345771384,0.00906929835843117,0.000252991032059108,,,,4.4404968136222934e-05,,,0.18243516506867544,0.00035766506666461297,2.6653606688956004e-05,0.05575417376866176,7.2245421053808e-05,0.00021245168470777486,0.00012067594887140799,0.009639324834404722,,,,,,0.0005558621970548517,3.455109909786005e-05,,,,0.0,,,,,7.721736503281413e-05,,,,,0.00014454656244924534,2.5018984162094268e-05,0.0005478343872050501,0.00110583682169253,6.129965504464599e-05,0.0,7.198054662361531e-05,0.1734010197501296,0.00028969312139328235,,,0.00026012544178822937,0.05961498115808974,0.0006317500979404257,0.15011897915979766,6.492594508413254e-05,0.0,4.617968335521457e-06,5.394777355649194e-06
558697990,0.0005055391612751753,1.9869787395569033e-06,0.00011566696137971569,,0.0003346665723554227,,0.0049165618404382475,,,0.00026602326128850266,,,,0.000124875369244514,0.00010093890464601476,4.7138372606146676e-05,0.0014856151565856106,0.00013724139574491204,1.04267614494056e-05,0.004582849291826654,0.000517758173543822,4.1139587025766796e-05,0.008261675353845104,0.00022841400150037122,0.0003038950245498817,1.3133182512180868e-05,0.004298388774550632,0.000253579986632783,0.0006892993655823247,0.00043408538831064407,0.00017016994368983297,0.0,3.074446789879893e-07,0.0009345089131877066,,,,0.0003696287924715533,,,0.0002683040582888136,0.0,0.00011323774198126725,0.0006163331894526585,0.001267983772869618,0.00039822525607209033,0.00038249649142506293,0.0002884688667559412,,,,,,0.000842768903563676,0.000122031059505057,,,,5.861803205437843e-07,,,,,0.0,,,,,0.00562832760089711,0.0,0.00016776749164688744,0.0003356190255012097,0.0002598834885837553,2.6191443038622197e-05,0.00019034442254730631,0.0027210310483998666,0.016387886547282345,,,1.1011454216683466e-05,0.00015815405496284672,6.630696664023856e-07,0.00032256303550726075,5.358533810090684e-05,7.332371856532403e-07,0.00010316054091052383,0.0005948143608278861
581642026,1.678131949486263e-05,0.0,0.0,,0.0,,0.0,,,0.0,,,,0.0,5.347870162076274e-06,0.0,3.25607811575075e-07,1.8215141652600066e-07,0.0,0.0,7.08414521549798e-07,5.003346453682793e-07,0.0,0.0,0.0,0.0,3.9835647186022314e-07,3.0701176205967165e-06,0.0,0.0,0.0,0.0,0.0,0.0,,,,0.0,,,8.72458933564816e-07,0.0,0.0,0.0,0.0,4.925895289930308e-06,1.2605985640705667e-05,4.328787378613614e-06,,,,,,0.0,0.0,,,,0.0,,,,,0.0,,,,,0.0,0.0,0.0,0.0,0.0,0.0,1.21999289687027e-06,1.4882499037908773e-06,0.0,,,0.0,1.1165796045990624e-05,0.0,0.0,0.0,0.0,0.0,0.0
642180077,0.00043032586316742264,0.0,2.1940666476417665e-06,,0.0,,0.0,,,0.0,,,,0.0,1.9754322566239728e-05,4.31355925084475e-06,1.0782703008722296e-05,4.047941970693763e-06,1.2360494749467563e-06,7.111701810907119e-06,8.332506986319156e-05,8.723368776826816e-06,0.0,0.0,8.967323186416657e-06,0.0,1.37963980280465e-05,0.00011004646082360467,0.0,2.7767386024080834e-05,0.0,0.0,0.0,5.718200096300473e-06,,,,0.0,,,3.559781514773707e-05,0.0,9.534192507344361e-05,0.0,0.0,2.9230583284310598e-05,0.00032325716440411367,0.00012150256524535103,,,,,,0.00023294714477502167,0.0,,,,1.7516193167748033e-07,,,,,0.0,,,,,3.15750312559988e-10,0.0,4.0439124566433e-06,0.0,3.5332606179422535e-05,0.0,9.423993740607383e-07,2.3391989212289102e-05,0.0,,,0.0,0.0008088133227178206,0.0,0.0,0.00018069143779012733,4.20813031365508e-07,0.00020329381021122256,6.897322119814847e-05
